title,body,userId
Post Title 1,This is the content of post 1. It contains some sample text for testing purposes.,13
Post Title 2,This is the content of post 2. It contains some sample text for testing purposes.,16
Post Title 3,This is the content of post 3. It contains some sample text for testing purposes.,97
Post Title 4,This is the content of post 4. It contains some sample text for testing purposes.,59
Post Title 5,This is the content of post 5. It contains some sample text for testing purposes.,38
Post Title 6,This is the content of post 6. It contains some sample text for testing purposes.,80
Post Title 7,This is the content of post 7. It contains some sample text for testing purposes.,76
Post Title 8,This is the content of post 8. It contains some sample text for testing purposes.,13
Post Title 9,This is the content of post 9. It contains some sample text for testing purposes.,80
Post Title 10,This is the content of post 10. It contains some sample text for testing purposes.,58
Post Title 11,This is the content of post 11. It contains some sample text for testing purposes.,71
Post Title 12,This is the content of post 12. It contains some sample text for testing purposes.,6
Post Title 13,This is the content of post 13. It contains some sample text for testing purposes.,21
Post Title 14,This is the content of post 14. It contains some sample text for testing purposes.,42
Post Title 15,This is the content of post 15. It contains some sample text for testing purposes.,80
Post Title 16,This is the content of post 16. It contains some sample text for testing purposes.,34
Post Title 17,This is the content of post 17. It contains some sample text for testing purposes.,53
Post Title 18,This is the content of post 18. It contains some sample text for testing purposes.,54
Post Title 19,This is the content of post 19. It contains some sample text for testing purposes.,31
Post Title 20,This is the content of post 20. It contains some sample text for testing purposes.,59
Post Title 21,This is the content of post 21. It contains some sample text for testing purposes.,3
Post Title 22,This is the content of post 22. It contains some sample text for testing purposes.,17
Post Title 23,This is the content of post 23. It contains some sample text for testing purposes.,53
Post Title 24,This is the content of post 24. It contains some sample text for testing purposes.,1
Post Title 25,This is the content of post 25. It contains some sample text for testing purposes.,90
Post Title 26,This is the content of post 26. It contains some sample text for testing purposes.,40
Post Title 27,This is the content of post 27. It contains some sample text for testing purposes.,23
Post Title 28,This is the content of post 28. It contains some sample text for testing purposes.,27
Post Title 29,This is the content of post 29. It contains some sample text for testing purposes.,91
Post Title 30,This is the content of post 30. It contains some sample text for testing purposes.,47
Post Title 31,This is the content of post 31. It contains some sample text for testing purposes.,59
Post Title 32,This is the content of post 32. It contains some sample text for testing purposes.,76
Post Title 33,This is the content of post 33. It contains some sample text for testing purposes.,5
Post Title 34,This is the content of post 34. It contains some sample text for testing purposes.,52
Post Title 35,This is the content of post 35. It contains some sample text for testing purposes.,79
Post Title 36,This is the content of post 36. It contains some sample text for testing purposes.,88
Post Title 37,This is the content of post 37. It contains some sample text for testing purposes.,12
Post Title 38,This is the content of post 38. It contains some sample text for testing purposes.,47
Post Title 39,This is the content of post 39. It contains some sample text for testing purposes.,31
Post Title 40,This is the content of post 40. It contains some sample text for testing purposes.,92
Post Title 41,This is the content of post 41. It contains some sample text for testing purposes.,50
Post Title 42,This is the content of post 42. It contains some sample text for testing purposes.,8
Post Title 43,This is the content of post 43. It contains some sample text for testing purposes.,92
Post Title 44,This is the content of post 44. It contains some sample text for testing purposes.,25
Post Title 45,This is the content of post 45. It contains some sample text for testing purposes.,10
Post Title 46,This is the content of post 46. It contains some sample text for testing purposes.,41
Post Title 47,This is the content of post 47. It contains some sample text for testing purposes.,43
Post Title 48,This is the content of post 48. It contains some sample text for testing purposes.,9
Post Title 49,This is the content of post 49. It contains some sample text for testing purposes.,86
Post Title 50,This is the content of post 50. It contains some sample text for testing purposes.,25
Post Title 51,This is the content of post 51. It contains some sample text for testing purposes.,39
Post Title 52,This is the content of post 52. It contains some sample text for testing purposes.,14
Post Title 53,This is the content of post 53. It contains some sample text for testing purposes.,39
Post Title 54,This is the content of post 54. It contains some sample text for testing purposes.,66
Post Title 55,This is the content of post 55. It contains some sample text for testing purposes.,29
Post Title 56,This is the content of post 56. It contains some sample text for testing purposes.,40
Post Title 57,This is the content of post 57. It contains some sample text for testing purposes.,38
Post Title 58,This is the content of post 58. It contains some sample text for testing purposes.,14
Post Title 59,This is the content of post 59. It contains some sample text for testing purposes.,90
Post Title 60,This is the content of post 60. It contains some sample text for testing purposes.,53
Post Title 61,This is the content of post 61. It contains some sample text for testing purposes.,99
Post Title 62,This is the content of post 62. It contains some sample text for testing purposes.,4
Post Title 63,This is the content of post 63. It contains some sample text for testing purposes.,37
Post Title 64,This is the content of post 64. It contains some sample text for testing purposes.,15
Post Title 65,This is the content of post 65. It contains some sample text for testing purposes.,87
Post Title 66,This is the content of post 66. It contains some sample text for testing purposes.,3
Post Title 67,This is the content of post 67. It contains some sample text for testing purposes.,41
Post Title 68,This is the content of post 68. It contains some sample text for testing purposes.,94
Post Title 69,This is the content of post 69. It contains some sample text for testing purposes.,76
Post Title 70,This is the content of post 70. It contains some sample text for testing purposes.,1
Post Title 71,This is the content of post 71. It contains some sample text for testing purposes.,44
Post Title 72,This is the content of post 72. It contains some sample text for testing purposes.,30
Post Title 73,This is the content of post 73. It contains some sample text for testing purposes.,17
Post Title 74,This is the content of post 74. It contains some sample text for testing purposes.,19
Post Title 75,This is the content of post 75. It contains some sample text for testing purposes.,48
Post Title 76,This is the content of post 76. It contains some sample text for testing purposes.,87
Post Title 77,This is the content of post 77. It contains some sample text for testing purposes.,26
Post Title 78,This is the content of post 78. It contains some sample text for testing purposes.,98
Post Title 79,This is the content of post 79. It contains some sample text for testing purposes.,74
Post Title 80,This is the content of post 80. It contains some sample text for testing purposes.,98
Post Title 81,This is the content of post 81. It contains some sample text for testing purposes.,69
Post Title 82,This is the content of post 82. It contains some sample text for testing purposes.,37
Post Title 83,This is the content of post 83. It contains some sample text for testing purposes.,49
Post Title 84,This is the content of post 84. It contains some sample text for testing purposes.,19
Post Title 85,This is the content of post 85. It contains some sample text for testing purposes.,97
Post Title 86,This is the content of post 86. It contains some sample text for testing purposes.,66
Post Title 87,This is the content of post 87. It contains some sample text for testing purposes.,90
Post Title 88,This is the content of post 88. It contains some sample text for testing purposes.,51
Post Title 89,This is the content of post 89. It contains some sample text for testing purposes.,84
Post Title 90,This is the content of post 90. It contains some sample text for testing purposes.,30
Post Title 91,This is the content of post 91. It contains some sample text for testing purposes.,19
Post Title 92,This is the content of post 92. It contains some sample text for testing purposes.,81
Post Title 93,This is the content of post 93. It contains some sample text for testing purposes.,46
Post Title 94,This is the content of post 94. It contains some sample text for testing purposes.,40
Post Title 95,This is the content of post 95. It contains some sample text for testing purposes.,60
Post Title 96,This is the content of post 96. It contains some sample text for testing purposes.,76
Post Title 97,This is the content of post 97. It contains some sample text for testing purposes.,19
Post Title 98,This is the content of post 98. It contains some sample text for testing purposes.,58
Post Title 99,This is the content of post 99. It contains some sample text for testing purposes.,59
Post Title 100,This is the content of post 100. It contains some sample text for testing purposes.,45
